Date,AQI
01-01-2017,345
02-01-2017,337
03-01-2017,331
04-01-2017,381
05-01-2017,321
06-01-2017,351
07-01-2017,278
08-01-2017,288
09-01-2017,308
10-01-2017,247
11-01-2017,280
12-01-2017,323
13-01-2017,326
14-01-2017,384
15-01-2017,326
16-01-2017,355
17-01-2017,245
18-01-2017,317
19-01-2017,300
20-01-2017,216
21-01-2017,286
22-01-2017,365
23-01-2017,309
24-01-2017,336
25-01-2017,366
26-01-2017,324
27-01-2017,118
28-01-2017,212
29-01-2017,211
31-01-2017,366
01-02-2017,273
02-02-2017,327
03-02-2017,314
04-02-2017,336
05-02-2017,260
06-02-2017,306
07-02-2017,148
08-02-2017,254
09-02-2017,268
10-02-2017,249
11-02-2017,239
12-02-2017,274
13-02-2017,279
14-02-2017,303
15-02-2017,294
16-02-2017,284
17-02-2017,294
18-02-2017,236
19-02-2017,237
20-02-2017,243
21-02-2017,254
22-02-2017,236
23-02-2017,182
24-02-2017,226
25-02-2017,208
26-02-2017,256
27-02-2017,226
28-02-2017,266
01-03-2017,290
02-03-2017,258
03-03-2017,141
04-03-2017,173
05-03-2017,200
06-03-2017,177
07-03-2017,197
08-03-2017,194
10-03-2017,90
11-03-2017,68
12-03-2017,104
13-03-2017,150
14-03-2017,123
15-03-2017,214
16-03-2017,207
17-03-2017,226
18-03-2017,185
19-03-2017,222
20-03-2017,241
21-03-2017,251
22-03-2017,242
23-03-2017,246
24-03-2017,244
25-03-2017,197
26-03-2017,177
27-03-2017,164
28-03-2017,218
30-03-2017,151
31-03-2017,176
01-04-2017,223
02-04-2017,177
03-04-2017,154
04-04-2017,165
05-04-2017,108
06-04-2017,109
07-04-2017,351
08-04-2017,269
09-04-2017,130
10-04-2017,144
11-04-2017,162
12-04-2017,201
13-04-2017,282
14-04-2017,290
15-04-2017,307
16-04-2017,291
17-04-2017,276
18-04-2017,307
19-04-2017,262
20-04-2017,221
21-04-2017,234
22-04-2017,244
23-04-2017,193
24-04-2017,164
25-04-2017,189
26-04-2017,153
28-04-2017,183
29-04-2017,190
30-04-2017,186
01-05-2017,158
02-05-2017,240
03-05-2017,297
04-05-2017,214
05-05-2017,332
06-05-2017,284
07-05-2017,293
08-05-2017,278
09-05-2017,259
10-05-2017,187
11-05-2017,218
12-05-2017,365
13-05-2017,316
14-05-2017,284
15-05-2017,248
16-05-2017,272
17-05-2017,183
18-05-2017,235
19-05-2017,239
20-05-2017,221
21-05-2017,339
22-05-2017,228
23-05-2017,222
24-05-2017,224
25-05-2017,196
26-05-2017,250
27-05-2017,197
28-05-2017,136
29-05-2017,130
30-05-2017,162
31-05-2017,126
01-06-2017,200
02-06-2017,220
03-06-2017,215
04-06-2017,237
05-06-2017,204
06-06-2017,204
07-06-2017,126
08-06-2017,103
09-06-2017,141
10-06-2017,177
11-06-2017,118
12-06-2017,125
13-06-2017,139
14-06-2017,182
15-06-2017,231
16-06-2017,154
17-06-2017,100
18-06-2017,117
19-06-2017,210
20-06-2017,89
21-06-2017,102
22-06-2017,124
23-06-2017,148
24-06-2017,159
25-06-2017,195
26-06-2017,160
27-06-2017,135
28-06-2017,102
29-06-2017,92
30-06-2017,76
01-07-2017,114
02-07-2017,102
03-07-2017,97
07-07-2017,108
08-07-2017,93
09-07-2017,148
10-07-2017,117
11-07-2017,93
12-07-2017,62
13-07-2017,71
14-07-2017,64
15-07-2017,79
16-07-2017,90
17-07-2017,95
18-07-2017,100
19-07-2017,106
20-07-2017,88
21-07-2017,69
22-07-2017,55
23-07-2017,71
24-07-2017,60
25-07-2017,68
26-07-2017,63
27-07-2017,75
28-07-2017,70
29-07-2017,96
30-07-2017,43
31-07-2017,48
24-08-2017,116
25-08-2017,141
26-08-2017,114
27-08-2017,104
28-08-2017,70
29-08-2017,68
30-08-2017,77
31-08-2017,92
01-09-2017,69
02-09-2017,65
03-09-2017,80
04-09-2017,106
05-09-2017,91
06-09-2017,86
07-09-2017,82
08-09-2017,152
09-09-2017,125
10-09-2017,154
11-09-2017,149
12-09-2017,118
13-09-2017,141
14-09-2017,191
15-09-2017,215
16-09-2017,137
17-09-2017,126
18-09-2017,124
19-09-2017,152
20-09-2017,174
21-09-2017,175
22-09-2017,67
23-09-2017,59
24-09-2017,105
25-09-2017,143
26-09-2017,177
27-09-2017,206
28-09-2017,205
29-09-2017,208
30-09-2017,192
01-10-2017,170
02-10-2017,144
03-10-2017,159
04-10-2017,220
05-10-2017,254
06-10-2017,187
08-10-2017,234
09-10-2017,268
10-10-2017,238
11-10-2017,252
12-10-2017,273
13-10-2017,262
15-10-2017,272
16-10-2017,274
17-10-2017,316
18-10-2017,286
19-10-2017,293
20-10-2017,357
21-10-2017,396
22-10-2017,311
23-10-2017,287
24-10-2017,294
25-10-2017,352
26-10-2017,324
27-10-2017,332
28-10-2017,347
29-10-2017,336
30-10-2017,328
31-10-2017,335
01-11-2017,354
02-11-2017,285
03-11-2017,327
04-11-2017,357
05-11-2017,363
06-11-2017,356
07-11-2017,449
08-11-2017,487
09-11-2017,487
10-11-2017,470
11-11-2017,431
12-11-2017,491
13-11-2017,465
14-11-2017,384
15-11-2017,354
16-11-2017,363
17-11-2017,307
18-11-2017,299
19-11-2017,291
20-11-2017,325
21-11-2017,325
22-11-2017,328
23-11-2017,316
24-11-2017,335
25-11-2017,337
26-11-2017,361
27-11-2017,365
28-11-2017,327
29-11-2017,344
30-11-2017,368
01-12-2017,343
02-12-2017,333
03-12-2017,355
04-12-2017,391
05-12-2017,380
06-12-2017,296
07-12-2017,191
08-12-2017,217
09-12-2017,308
10-12-2017,378
11-12-2017,363
12-12-2017,225
13-12-2017,270
14-12-2017,285
15-12-2017,284
16-12-2017,223
17-12-2017,199
18-12-2017,236
19-12-2017,297
20-12-2017,372
21-12-2017,446
22-12-2017,321
23-12-2017,228
24-12-2017,309
25-12-2017,384
26-12-2017,342
27-12-2017,360
28-12-2017,383
29-12-2017,367
30-12-2017,400
31-12-2017,406
01-01-2018,406
02-01-2018,418
03-01-2018,382
04-01-2018,366
05-01-2018,390
06-01-2018,405
07-01-2018,355
08-01-2018,288
09-01-2018,359
10-01-2018,352
11-01-2018,309
12-01-2018,298
13-01-2018,359
14-01-2018,321
15-01-2018,331
16-01-2018,255
17-01-2018,353
18-01-2018,400
19-01-2018,406
20-01-2018,323
21-01-2018,276
22-01-2018,342
23-01-2018,324
24-01-2018,270
25-01-2018,243
26-01-2018,261
27-01-2018,286
28-01-2018,300
29-01-2018,302
30-01-2018,270
31-01-2018,244
01-02-2018,274
02-02-2018,293
03-02-2018,243
04-02-2018,256
05-02-2018,291
06-02-2018,287
07-02-2018,261
08-02-2018,308
09-02-2018,335
10-02-2018,341
11-02-2018,304
12-02-2018,178
13-02-2018,191
14-02-2018,187
15-02-2018,187
16-02-2018,235
17-02-2018,256
18-02-2018,257
19-02-2018,294
20-02-2018,296
21-02-2018,308
22-02-2018,300
23-02-2018,302
24-02-2018,320
25-02-2018,266
26-02-2018,156
27-02-2018,160
28-02-2018,272
01-03-2018,257
02-03-2018,260
03-03-2018,203
04-03-2018,178
05-03-2018,172
06-03-2018,167
07-03-2018,185
08-03-2018,245
09-03-2018,280
10-03-2018,170
11-03-2018,170
12-03-2018,214
13-03-2018,217
14-03-2018,267
15-03-2018,297
16-03-2018,256
17-03-2018,186
18-03-2018,169
19-03-2018,173
20-03-2018,217
21-03-2018,289
22-03-2018,186
23-03-2018,151
24-03-2018,175
25-03-2018,195
26-03-2018,183
27-03-2018,230
28-03-2018,255
29-03-2018,213
30-03-2018,218
31-03-2018,256
01-04-2018,195
02-04-2018,219
03-04-2018,207
04-04-2018,203
05-04-2018,290
06-04-2018,208
07-04-2018,143
08-04-2018,141
09-04-2018,120
10-04-2018,230
11-04-2018,141
12-04-2018,99
13-04-2018,188
14-04-2018,217
15-04-2018,224
16-04-2018,285
17-04-2018,244
18-04-2018,228
19-04-2018,244
20-04-2018,246
21-04-2018,356
22-04-2018,211
23-04-2018,160
24-04-2018,254
25-04-2018,266
26-04-2018,313
27-04-2018,310
28-04-2018,301
29-04-2018,248
30-04-2018,209
01-05-2018,177
02-05-2018,153
03-05-2018,160
04-05-2018,139
05-05-2018,173
06-05-2018,269
07-05-2018,211
08-05-2018,208
09-05-2018,163
10-05-2018,190
11-05-2018,256
12-05-2018,304
13-05-2018,215
14-05-2018,130
15-05-2018,164
16-05-2018,190
17-05-2018,243
18-05-2018,225
19-05-2018,242
20-05-2018,199
21-05-2018,183
22-05-2018,212
23-05-2018,301
24-05-2018,252
25-05-2018,251
26-05-2018,235
27-05-2018,277
28-05-2018,275
29-05-2018,285
30-05-2018,281
31-05-2018,208
01-06-2018,198
02-06-2018,173
03-06-2018,174
04-06-2018,183
05-06-2018,169
06-06-2018,136
07-06-2018,164
08-06-2018,179
09-06-2018,127
10-06-2018,158
11-06-2018,183
12-06-2018,296
13-06-2018,445
14-06-2018,431
15-06-2018,447
16-06-2018,369
17-06-2018,289
18-06-2018,171
19-06-2018,121
20-06-2018,177
21-06-2018,226
22-06-2018,236
23-06-2018,218
24-06-2018,183
25-06-2018,192
26-06-2018,110
27-06-2018,93
28-06-2018,76
29-06-2018,72
30-06-2018,96
01-07-2018,92
02-07-2018,106
03-07-2018,114
04-07-2018,137
05-07-2018,123
06-07-2018,147
07-07-2018,151
08-07-2018,182
09-07-2018,157
10-07-2018,134
11-07-2018,106
12-07-2018,143
13-07-2018,99
14-07-2018,76
15-07-2018,76
16-07-2018,87
17-07-2018,91
18-07-2018,106
19-07-2018,88
20-07-2018,80
21-07-2018,111
22-07-2018,61
23-07-2018,67
24-07-2018,90
25-07-2018,78
26-07-2018,74
27-07-2018,54
28-07-2018,57
29-07-2018,90
30-07-2018,115
31-07-2018,132
01-08-2018,153
02-08-2018,235
03-08-2018,213
04-08-2018,216
05-08-2018,241
06-08-2018,133
07-08-2018,113
08-08-2018,86
09-08-2018,88
10-08-2018,102
11-08-2018,96
12-08-2018,83
13-08-2018,94
14-08-2018,117
15-08-2018,120
16-08-2018,86
17-08-2018,84
18-08-2018,80
19-08-2018,89
20-08-2018,137
21-08-2018,87
22-08-2018,78
23-08-2018,69
24-08-2018,80
25-08-2018,89
26-08-2018,78
27-08-2018,62
28-08-2018,71
29-08-2018,68
30-08-2018,78
31-08-2018,127
01-09-2018,114
02-09-2018,106
03-09-2018,73
04-09-2018,112
05-09-2018,90
06-09-2018,137
07-09-2018,91
08-09-2018,86
09-09-2018,61
10-09-2018,84
11-09-2018,79
12-09-2018,90
13-09-2018,103
14-09-2018,102
15-09-2018,118
16-09-2018,121
17-09-2018,135
18-09-2018,150
19-09-2018,154
20-09-2018,164
21-09-2018,143
22-09-2018,54
23-09-2018,62
24-09-2018,52
25-09-2018,55
26-09-2018,88
27-09-2018,151
28-09-2018,197
29-09-2018,219
30-09-2018,158
01-10-2018,148
02-10-2018,202
03-10-2018,143
04-10-2018,201
05-10-2018,256
06-10-2018,209
07-10-2018,181
08-10-2018,246
09-10-2018,251
10-10-2018,241
11-10-2018,210
12-10-2018,154
13-10-2018,262
14-10-2018,204
15-10-2018,246
16-10-2018,291
17-10-2018,313
18-10-2018,297
19-10-2018,276
20-10-2018,326
21-10-2018,292
22-10-2018,272
23-10-2018,254
24-10-2018,328
25-10-2018,331
26-10-2018,361
27-10-2018,350
28-10-2018,366
29-10-2018,367
30-10-2018,401
31-10-2018,358
01-11-2018,393
02-11-2018,370
03-11-2018,340
04-11-2018,171
05-11-2018,426
06-11-2018,338
07-11-2018,281
08-11-2018,390
09-11-2018,423
10-11-2018,401
11-11-2018,405
12-11-2018,399
13-11-2018,409
14-11-2018,312
15-11-2018,217
16-11-2018,285
17-11-2018,267
18-11-2018,311
19-11-2018,330
20-11-2018,374
21-11-2018,374
22-11-2018,273
23-11-2018,337
24-11-2018,249
25-11-2018,262
26-11-2018,336
27-11-2018,352
28-11-2018,316
29-11-2018,358
30-11-2018,352
01-12-2018,306
02-12-2018,297
03-12-2018,328
04-12-2018,356
05-12-2018,331
06-12-2018,349
07-12-2018,348
08-12-2018,347
09-12-2018,374
10-12-2018,403
11-12-2018,413
12-12-2018,392
13-12-2018,194
14-12-2018,249
15-12-2018,261
16-12-2018,282
17-12-2018,337
18-12-2018,353
19-12-2018,353
20-12-2018,394
21-12-2018,386
22-12-2018,421
23-12-2018,450
24-12-2018,448
25-12-2018,409
26-12-2018,384
27-12-2018,399
28-12-2018,392
29-12-2018,385
30-12-2018,415
31-12-2018,420
01-01-2019,393
02-01-2019,430
03-01-2019,444
04-01-2019,386
05-01-2019,407
06-01-2019,336
07-01-2019,333
08-01-2019,320
09-01-2019,288
10-01-2019,292
11-01-2019,371
12-01-2019,423
13-01-2019,414
14-01-2019,247
15-01-2019,237
16-01-2019,371
17-01-2019,440
18-01-2019,397
19-01-2019,378
20-01-2019,404
21-01-2019,346
22-01-2019,104
23-01-2019,212
24-01-2019,311
25-01-2019,151
26-01-2019,233
27-01-2019,262
28-01-2019,267
29-01-2019,276
30-01-2019,327
31-01-2019,359
01-02-2019,306
02-02-2019,332
03-02-2019,289
04-02-2019,288
05-02-2019,382
06-02-2019,352
07-02-2019,176
08-02-2019,144
09-02-2019,158
10-02-2019,276
11-02-2019,309
12-02-2019,342
13-02-2019,367
14-02-2019,340
15-02-2019,245
16-02-2019,276
17-02-2019,222
18-02-2019,255
19-02-2019,221
20-02-2019,271
21-02-2019,144
22-02-2019,186
23-02-2019,113
24-02-2019,190
25-02-2019,217
26-02-2019,116
27-02-2019,100
28-02-2019,170
01-03-2019,225
02-03-2019,217
03-03-2019,117
04-03-2019,234
05-03-2019,140
06-03-2019,186
07-03-2019,217
08-03-2019,197
09-03-2019,187
10-03-2019,160
11-03-2019,187
12-03-2019,134
13-03-2019,178
14-03-2019,266
15-03-2019,154
16-03-2019,139
17-03-2019,192
18-03-2019,196
19-03-2019,216
20-03-2019,208
21-03-2019,242
22-03-2019,114
23-03-2019,132
24-03-2019,121
25-03-2019,139
26-03-2019,159
27-03-2019,171
28-03-2019,234
29-03-2019,232
30-03-2019,233
31-03-2019,182
01-04-2019,151
02-04-2019,198
03-04-2019,187
04-04-2019,254
05-04-2019,264
06-04-2019,266
07-04-2019,302
08-04-2019,264
09-04-2019,204
10-04-2019,238
11-04-2019,183
12-04-2019,212
13-04-2019,170
14-04-2019,137
15-04-2019,168
16-04-2019,180
17-04-2019,84
18-04-2019,114
19-04-2019,157
20-04-2019,198
21-04-2019,203
22-04-2019,236
23-04-2019,247
24-04-2019,221
25-04-2019,251
26-04-2019,215
27-04-2019,256
28-04-2019,264
29-04-2019,248
30-04-2019,250
01-05-2019,295
02-05-2019,257
03-05-2019,183
04-05-2019,182
05-05-2019,227
06-05-2019,249
07-05-2019,294
08-05-2019,357
09-05-2019,347
10-05-2019,277
11-05-2019,251
12-05-2019,334
13-05-2019,322
14-05-2019,153
15-05-2019,186
16-05-2019,187
17-05-2019,265
18-05-2019,105
19-05-2019,185
20-05-2019,206
21-05-2019,190
22-05-2019,158
23-05-2019,223
24-05-2019,123
25-05-2019,121
26-05-2019,142
27-05-2019,160
28-05-2019,177
29-05-2019,185
30-05-2019,218
31-05-2019,280
01-06-2019,264
02-06-2019,201
03-06-2019,261
04-06-2019,169
05-06-2019,192
06-06-2019,206
07-06-2019,173
08-06-2019,181
09-06-2019,239
10-06-2019,207
11-06-2019,307
12-06-2019,233
13-06-2019,175
14-06-2019,171
15-06-2019,224
16-06-2019,178
17-06-2019,123
18-06-2019,97
19-06-2019,199
20-06-2019,141
21-06-2019,177
22-06-2019,189
23-06-2019,148
24-06-2019,109
25-06-2019,133
26-06-2019,162
27-06-2019,184
28-06-2019,191
29-06-2019,231
30-06-2019,237
01-07-2019,183
02-07-2019,218
03-07-2019,136
04-07-2019,103
05-07-2019,106
06-07-2019,88
07-07-2019,91
08-07-2019,127
09-07-2019,126
10-07-2019,148
11-07-2019,317
12-07-2019,272
13-07-2019,275
14-07-2019,235
15-07-2019,168
16-07-2019,93
17-07-2019,73
18-07-2019,85
19-07-2019,145
20-07-2019,124
21-07-2019,108
22-07-2019,112
23-07-2019,148
24-07-2019,164
25-07-2019,78
26-07-2019,81
27-07-2019,61
28-07-2019,64
29-07-2019,65
30-07-2019,80
31-07-2019,80
01-08-2019,89
02-08-2019,84
03-08-2019,89
04-08-2019,87
05-08-2019,105
06-08-2019,76
07-08-2019,75
08-08-2019,79
09-08-2019,75
10-08-2019,59
11-08-2019,68
12-08-2019,57
13-08-2019,69
14-08-2019,63
15-08-2019,75
16-08-2019,53
17-08-2019,49
18-08-2019,49
19-08-2019,81
20-08-2019,97
21-08-2019,109
22-08-2019,123
23-08-2019,129
24-08-2019,147
25-08-2019,91
26-08-2019,66
27-08-2019,117
28-08-2019,105
29-08-2019,91
30-08-2019,101
31-08-2019,114
01-09-2019,108
02-09-2019,96
03-09-2019,141
04-09-2019,173
05-09-2019,95
06-09-2019,90
07-09-2019,82
08-09-2019,77
09-09-2019,108
10-09-2019,137
11-09-2019,168
12-09-2019,151
13-09-2019,86
14-09-2019,72
15-09-2019,72
16-09-2019,105
17-09-2019,135
18-09-2019,110
19-09-2019,66
20-09-2019,90
21-09-2019,114
22-09-2019,67
23-09-2019,83
24-09-2019,94
25-09-2019,90
26-09-2019,74
27-09-2019,63
28-09-2019,67
29-09-2019,60
30-09-2019,68
01-10-2019,93
02-10-2019,90
03-10-2019,136
04-10-2019,100
05-10-2019,98
06-10-2019,127
07-10-2019,130
08-10-2019,112
09-10-2019,173
10-10-2019,211
11-10-2019,216
12-10-2019,222
13-10-2019,270
14-10-2019,252
15-10-2019,270
16-10-2019,304
17-10-2019,284
18-10-2019,248
19-10-2019,161
20-10-2019,238
21-10-2019,249
22-10-2019,207
23-10-2019,242
24-10-2019,311
25-10-2019,284
26-10-2019,287
27-10-2019,337
28-10-2019,368
29-10-2019,400
30-10-2019,419
31-10-2019,410
01-11-2019,484
02-11-2019,399
03-11-2019,494
04-11-2019,407
05-11-2019,324
06-11-2019,214
07-11-2019,309
08-11-2019,330
09-11-2019,283
10-11-2019,321
11-11-2019,360
12-11-2019,425
13-11-2019,456
14-11-2019,463
15-11-2019,458
16-11-2019,357
17-11-2019,215
18-11-2019,214
19-11-2019,242
20-11-2019,301
21-11-2019,366
22-11-2019,360
23-11-2019,312
24-11-2019,234
25-11-2019,252
26-11-2019,270
27-11-2019,134
28-11-2019,106
29-11-2019,84
30-11-2019,193
01-12-2019,250
02-12-2019,279
03-12-2019,282
04-12-2019,296
05-12-2019,382
06-12-2019,404
07-12-2019,371
08-12-2019,391
09-12-2019,343
10-12-2019,369
11-12-2019,408
12-12-2019,430
13-12-2019,240
14-12-2019,163
15-12-2019,213
16-12-2019,186
17-12-2019,168
18-12-2019,292
19-12-2019,362
20-12-2019,432
21-12-2019,418
22-12-2019,322
23-12-2019,327
24-12-2019,383
25-12-2019,350
26-12-2019,349
27-12-2019,373
28-12-2019,409
29-12-2019,431
30-12-2019,446
31-12-2019,387
01-01-2020,437
02-01-2020,417
03-01-2020,352
04-01-2020,334
05-01-2020,330
06-01-2020,325
07-01-2020,254
08-01-2020,266
09-01-2020,203
10-01-2020,255
11-01-2020,288
12-01-2020,348
13-01-2020,366
14-01-2020,283
15-01-2020,218
16-01-2020,281
17-01-2020,265
18-01-2020,243
19-01-2020,277
20-01-2020,269
21-01-2020,364
22-01-2020,370
23-01-2020,211
24-01-2020,151
25-01-2020,250
26-01-2020,325
27-01-2020,345
28-01-2020,243
29-01-2020,194
30-01-2020,202
31-01-2020,190
01-02-2020,232
02-02-2020,244
03-02-2020,270
04-02-2020,310
05-02-2020,312
06-02-2020,231
07-02-2020,295
08-02-2020,289
09-02-2020,285
10-02-2020,309
11-02-2020,323
12-02-2020,320
13-02-2020,241
14-02-2020,173
15-02-2020,167
16-02-2020,247
17-02-2020,293
18-02-2020,252
19-02-2020,272
20-02-2020,230
21-02-2020,144
22-02-2020,100
23-02-2020,225
24-02-2020,142
25-02-2020,249
26-02-2020,274
27-02-2020,233
28-02-2020,198
01-03-2020,90
02-03-2020,205
03-03-2020,205
04-03-2020,195
05-03-2020,79
06-03-2020,64
07-03-2020,67
08-03-2020,164
09-03-2020,123
10-03-2020,188
11-03-2020,116
12-03-2020,127
13-03-2020,173
14-03-2020,108
15-03-2020,131
16-03-2020,139
17-03-2020,157
18-03-2020,151
19-03-2020,186
20-03-2020,192
21-03-2020,186
22-03-2020,191
23-03-2020,124
24-03-2020,122
25-03-2020,77
26-03-2020,92
27-03-2020,69
28-03-2020,45
29-03-2020,62
30-03-2020,71
31-03-2020,76
01-04-2020,73
02-04-2020,69
03-04-2020,79
04-04-2020,87
05-04-2020,102
06-04-2020,142
07-04-2020,90
08-04-2020,83
09-04-2020,86
10-04-2020,118
11-04-2020,124
12-04-2020,94
13-04-2020,126
14-04-2020,130
15-04-2020,155
16-04-2020,180
17-04-2020,105
18-04-2020,98
19-04-2020,85
20-04-2020,119
21-04-2020,87
22-04-2020,131
23-04-2020,122
24-04-2020,139
25-04-2020,98
26-04-2020,117
27-04-2020,89
28-04-2020,100
29-04-2020,125
30-04-2020,138
01-05-2020,146
02-05-2020,112
03-05-2020,93
04-05-2020,94
05-05-2020,119
06-05-2020,139
07-05-2020,127
08-05-2020,134
09-05-2020,144
10-05-2020,121
11-05-2020,116
12-05-2020,125
13-05-2020,150
14-05-2020,149
15-05-2020,123
16-05-2020,179
17-05-2020,200
18-05-2020,206
19-05-2020,212
20-05-2020,166
21-05-2020,147
22-05-2020,199
23-05-2020,181
24-05-2020,172
25-05-2020,153
26-05-2020,154
27-05-2020,156
28-05-2020,188
29-05-2020,101
30-05-2020,78
31-05-2020,72
01-06-2020,104
02-06-2020,124
03-06-2020,122
04-06-2020,153
05-06-2020,111
06-06-2020,102
07-06-2020,107
08-06-2020,108
09-06-2020,139
10-06-2020,152
11-06-2020,141
12-06-2020,153
13-06-2020,123
14-06-2020,154
15-06-2020,115
16-06-2020,118
17-06-2020,109
18-06-2020,95
19-06-2020,148
20-06-2020,149
21-06-2020,98
22-06-2020,92
23-06-2020,76
24-06-2020,66
25-06-2020,85
26-06-2020,105
27-06-2020,108
28-06-2020,209
29-06-2020,230
30-06-2020,102
01-07-2020,117
02-07-2020,127
03-07-2020,156
04-07-2020,105
05-07-2020,90
06-07-2020,90
07-07-2020,65
08-07-2020,51
09-07-2020,78
10-07-2020,67
11-07-2020,68
12-07-2020,71
13-07-2020,72
14-07-2020,127
15-07-2020,124
16-07-2020,72
17-07-2020,79
18-07-2020,92
19-07-2020,65
20-07-2020,60
21-07-2020,61
22-07-2020,59
23-07-2020,65
24-07-2020,100
25-07-2020,67
26-07-2020,78
27-07-2020,100
28-07-2020,72
29-07-2020,90
30-07-2020,55
31-07-2020,75
01-08-2020,81
02-08-2020,61
03-08-2020,67
04-08-2020,62
05-08-2020,86
06-08-2020,69
07-08-2020,54
08-08-2020,87
09-08-2020,74
10-08-2020,72
11-08-2020,75
12-08-2020,63
13-08-2020,50
14-08-2020,58
15-08-2020,67
16-08-2020,52
17-08-2020,66
18-08-2020,72
19-08-2020,57
20-08-2020,50
21-08-2020,57
22-08-2020,53
23-08-2020,53
24-08-2020,45
25-08-2020,61
26-08-2020,57
27-08-2020,64
28-08-2020,79
29-08-2020,77
30-08-2020,70
31-08-2020,41
01-09-2020,53
02-09-2020,69
03-09-2020,84
04-09-2020,82
05-09-2020,101
06-09-2020,70
07-09-2020,93
08-09-2020,79
09-09-2020,105
10-09-2020,108
11-09-2020,136
12-09-2020,144
13-09-2020,142
14-09-2020,152
15-09-2020,144
16-09-2020,151
17-09-2020,120
18-09-2020,108
19-09-2020,118
20-09-2020,148
21-09-2020,142
22-09-2020,115
23-09-2020,76
24-09-2020,104
25-09-2020,143
26-09-2020,165
27-09-2020,117
28-09-2020,159
29-09-2020,177
30-09-2020,156
01-10-2020,152
02-10-2020,180
03-10-2020,189
04-10-2020,184
05-10-2020,179
06-10-2020,178
07-10-2020,215
08-10-2020,208
09-10-2020,202
10-10-2020,221
11-10-2020,216
12-10-2020,261
13-10-2020,300
14-10-2020,276
15-10-2020,312
16-10-2020,237
17-10-2020,287
18-10-2020,254
19-10-2020,244
20-10-2020,223
21-10-2020,256
22-10-2020,296
23-10-2020,366
24-10-2020,345
25-10-2020,349
26-10-2020,353
27-10-2020,312
28-10-2020,297
29-10-2020,395
30-10-2020,374
31-10-2020,367
01-11-2020,364
02-11-2020,293
03-11-2020,302
04-11-2020,343
05-11-2020,450
06-11-2020,406
07-11-2020,427
08-11-2020,416
09-11-2020,477
10-11-2020,476
11-11-2020,344
12-11-2020,314
13-11-2020,339
14-11-2020,414
15-11-2020,435
16-11-2020,221
17-11-2020,171
18-11-2020,211
19-11-2020,283
20-11-2020,296
21-11-2020,251
22-11-2020,274
23-11-2020,295
24-11-2020,379
25-11-2020,413
26-11-2020,302
27-11-2020,137
28-11-2020,231
29-11-2020,256
30-11-2020,318
01-12-2020,367
02-12-2020,373
03-12-2020,341
04-12-2020,382
05-12-2020,404
06-12-2020,389
07-12-2020,400
08-12-2020,383
09-12-2020,358
10-12-2020,284
11-12-2020,295
12-12-2020,356
13-12-2020,305
14-12-2020,160
15-12-2020,230
16-12-2020,262
17-12-2020,256
18-12-2020,281
19-12-2020,290
20-12-2020,321
21-12-2020,332
22-12-2020,418
23-12-2020,433
24-12-2020,423
25-12-2020,357
26-12-2020,337
27-12-2020,396
28-12-2020,253
29-12-2020,265
30-12-2020,290
31-12-2020,347
01-01-2021,441
02-01-2021,443
03-01-2021,354
04-01-2021,151
05-01-2021,140
06-01-2021,226
07-01-2021,255
08-01-2021,234
09-01-2021,301
10-01-2021,245
11-01-2021,243
12-01-2021,293
13-01-2021,354
14-01-2021,429
15-01-2021,460
16-01-2021,407
17-01-2021,347
18-01-2021,372
19-01-2021,404
20-01-2021,283
21-01-2021,296
22-01-2021,364
23-01-2021,326
24-01-2021,364
25-01-2021,323
26-01-2021,330
27-01-2021,318
28-01-2021,357
29-01-2021,387
30-01-2021,309
31-01-2021,289
01-02-2021,352
02-02-2021,364
03-02-2021,330
04-02-2021,316
05-02-2021,133
06-02-2021,199
07-02-2021,232
08-02-2021,303
09-02-2021,305
10-02-2021,291
11-02-2021,330
12-02-2021,341
13-02-2021,334
14-02-2021,351
15-02-2021,313
16-02-2021,327
17-02-2021,324
18-02-2021,302
19-02-2021,311
20-02-2021,250
21-02-2021,296
22-02-2021,288
23-02-2021,250
24-02-2021,278
25-02-2021,298
26-02-2021,229
27-02-2021,203
28-02-2021,208
01-03-2021,177
02-03-2021,175
03-03-2021,188
04-03-2021,278
05-03-2021,255
06-03-2021,204
07-03-2021,256
08-03-2021,207
09-03-2021,283
10-03-2021,175
11-03-2021,242
12-03-2021,218
13-03-2021,209
14-03-2021,209
15-03-2021,206
16-03-2021,258
17-03-2021,311
18-03-2021,315
19-03-2021,279
20-03-2021,234
21-03-2021,244
22-03-2021,196
23-03-2021,244
24-03-2021,175
25-03-2021,148
26-03-2021,150
27-03-2021,199
28-03-2021,233
29-03-2021,225
30-03-2021,232
31-03-2021,203
01-04-2021,182
02-04-2021,176
03-04-2021,159
04-04-2021,171
05-04-2021,205
06-04-2021,279
07-04-2021,250
08-04-2021,153
09-04-2021,170
10-04-2021,181
11-04-2021,186
12-04-2021,241
13-04-2021,231
14-04-2021,199
15-04-2021,220
16-04-2021,238
17-04-2021,128
18-04-2021,154
19-04-2021,187
20-04-2021,191
21-04-2021,134
22-04-2021,140
23-04-2021,126
24-04-2021,125
25-04-2021,192
26-04-2021,256
27-04-2021,284
28-04-2021,312
29-04-2021,296
30-04-2021,287
01-05-2021,238
02-05-2021,174
03-05-2021,245
04-05-2021,173
05-05-2021,175
06-05-2021,156
07-05-2021,142
08-05-2021,173
09-05-2021,166
10-05-2021,136
11-05-2021,151
12-05-2021,115
13-05-2021,121
14-05-2021,132
15-05-2021,140
16-05-2021,166
17-05-2021,191
18-05-2021,93
19-05-2021,78
20-05-2021,58
21-05-2021,85
22-05-2021,94
23-05-2021,237
24-05-2021,169
25-05-2021,140
26-05-2021,149
27-05-2021,150
28-05-2021,106
29-05-2021,87
30-05-2021,101
31-05-2021,135
01-06-2021,115
02-06-2021,143
03-06-2021,159
04-06-2021,196
05-06-2021,124
06-06-2021,134
07-06-2021,180
08-06-2021,205
09-06-2021,305
10-06-2021,221
11-06-2021,145
12-06-2021,133
13-06-2021,83
14-06-2021,124
15-06-2021,113
16-06-2021,115
17-06-2021,108
18-06-2021,81
19-06-2021,70
20-06-2021,62
21-06-2021,84
22-06-2021,127
23-06-2021,218
24-06-2021,146
25-06-2021,163
26-06-2021,135
27-06-2021,168
28-06-2021,161
29-06-2021,195
30-06-2021,206
01-07-2021,266
02-07-2021,245
03-07-2021,139
04-07-2021,140
05-07-2021,149
06-07-2021,144
07-07-2021,178
08-07-2021,164
09-07-2021,144
10-07-2021,97
11-07-2021,94
12-07-2021,90
13-07-2021,80
14-07-2021,83
15-07-2021,83
16-07-2021,90
17-07-2021,117
18-07-2021,94
19-07-2021,62
20-07-2021,81
21-07-2021,74
22-07-2021,83
23-07-2021,68
24-07-2021,99
25-07-2021,107
26-07-2021,86
27-07-2021,98
28-07-2021,61
29-07-2021,63
30-07-2021,76
31-07-2021,57
01-08-2021,81
02-08-2021,95
03-08-2021,71
04-08-2021,69
05-08-2021,99
06-08-2021,104
07-08-2021,101
08-08-2021,109
09-08-2021,101
10-08-2021,101
11-08-2021,122
12-08-2021,114
13-08-2021,118
14-08-2021,116
15-08-2021,114
16-08-2021,121
17-08-2021,150
18-08-2021,152
19-08-2021,167
20-08-2021,111
21-08-2021,69
22-08-2021,59
23-08-2021,82
24-08-2021,100
25-08-2021,115
26-08-2021,114
27-08-2021,134
28-08-2021,147
29-08-2021,119
30-08-2021,81
31-08-2021,73
01-09-2021,64
02-09-2021,64
03-09-2021,70
04-09-2021,68
05-09-2021,88
06-09-2021,122
07-09-2021,98
08-09-2021,70
09-09-2021,75
10-09-2021,79
11-09-2021,61
12-09-2021,60
13-09-2021,89
14-09-2021,69
15-09-2021,70
16-09-2021,79
17-09-2021,62
18-09-2021,69
19-09-2021,82
20-09-2021,82
21-09-2021,83
22-09-2021,69
23-09-2021,68
24-09-2021,64
25-09-2021,80
26-09-2021,75
27-09-2021,108
28-09-2021,120
29-09-2021,81
30-09-2021,84
01-10-2021,108
02-10-2021,125
03-10-2021,105
04-10-2021,91
05-10-2021,115
06-10-2021,114
07-10-2021,127
08-10-2021,167
09-10-2021,171
10-10-2021,168
11-10-2021,166
12-10-2021,179
13-10-2021,171
14-10-2021,182
15-10-2021,198
16-10-2021,284
17-10-2021,298
18-10-2021,46
19-10-2021,69
20-10-2021,221
21-10-2021,199
22-10-2021,170
23-10-2021,173
24-10-2021,160
25-10-2021,82
26-10-2021,139
27-10-2021,232
28-10-2021,268
29-10-2021,283
30-10-2021,268
31-10-2021,289
01-11-2021,281
02-11-2021,303
03-11-2021,314
04-11-2021,382
05-11-2021,462
06-11-2021,437
07-11-2021,428
08-11-2021,390
09-11-2021,404
10-11-2021,372
11-11-2021,411
12-11-2021,471
13-11-2021,437
14-11-2021,330
15-11-2021,353
16-11-2021,403
17-11-2021,375
18-11-2021,347
19-11-2021,380
20-11-2021,374
21-11-2021,349
22-11-2021,311
23-11-2021,290
24-11-2021,361
25-11-2021,400
26-11-2021,406
27-11-2021,402
28-11-2021,405
29-11-2021,389
30-11-2021,328
01-12-2021,370
02-12-2021,429
03-12-2021,346
04-12-2021,362
05-12-2021,305
06-12-2021,322
07-12-2021,255
08-12-2021,237
09-12-2021,289
10-12-2021,314
11-12-2021,281
12-12-2021,254
13-12-2021,331
14-12-2021,367
15-12-2021,363
16-12-2021,368
17-12-2021,329
18-12-2021,291
19-12-2021,271
20-12-2021,332
21-12-2021,402
22-12-2021,407
23-12-2021,423
24-12-2021,415
25-12-2021,431
26-12-2021,459
27-12-2021,283
28-12-2021,305
29-12-2021,267
30-12-2021,286
31-12-2021,321
01-01-2022,362
02-01-2022,404
03-01-2022,387
04-01-2022,378
05-01-2022,397
06-01-2022,258
07-01-2022,182
08-01-2022,91
09-01-2022,69
10-01-2022,151
11-01-2022,224
12-01-2022,191
13-01-2022,321
14-01-2022,348
15-01-2022,258
16-01-2022,264
17-01-2022,327
18-01-2022,352
19-01-2022,322
20-01-2022,387
21-01-2022,365
22-01-2022,316
23-01-2022,202
24-01-2022,241
25-01-2022,234
26-01-2022,260
27-01-2022,262
28-01-2022,215
29-01-2022,251
30-01-2022,278
31-01-2022,338
01-02-2022,347
02-02-2022,319
03-02-2022,321
04-02-2022,152
05-02-2022,224
06-02-2022,285
07-02-2022,250
08-02-2022,270
09-02-2022,227
10-02-2022,172
11-02-2022,184
12-02-2022,191
13-02-2022,253
14-02-2022,239
15-02-2022,221
16-02-2022,272
17-02-2022,241
18-02-2022,252
19-02-2022,180
20-02-2022,173
21-02-2022,165
22-02-2022,252
23-02-2022,211
24-02-2022,307
25-02-2022,286
26-02-2022,102
27-02-2022,92
28-02-2022,107
01-03-2022,170
02-03-2022,225
03-03-2022,178
04-03-2022,199
05-03-2022,115
06-03-2022,162
07-03-2022,237
08-03-2022,283
09-03-2022,162
10-03-2022,150
11-03-2022,164
12-03-2022,160
13-03-2022,193
14-03-2022,231
15-03-2022,253
16-03-2022,218
17-03-2022,218
18-03-2022,293
19-03-2022,231
20-03-2022,242
21-03-2022,271
22-03-2022,180
23-03-2022,206
24-03-2022,280
25-03-2022,211
26-03-2022,207
27-03-2022,195
28-03-2022,251
29-03-2022,274
30-03-2022,276
31-03-2022,298
01-04-2022,218
02-04-2022,226
03-04-2022,245
04-04-2022,262
05-04-2022,233
06-04-2022,248
07-04-2022,264
08-04-2022,242
09-04-2022,261
10-04-2022,244
11-04-2022,258
12-04-2022,229
13-04-2022,286
14-04-2022,280
15-04-2022,201
16-04-2022,253
17-04-2022,251
18-04-2022,257
19-04-2022,317
20-04-2022,277
21-04-2022,296
22-04-2022,204
23-04-2022,245
24-04-2022,261
25-04-2022,244
26-04-2022,209
27-04-2022,287
28-04-2022,295
29-04-2022,299
30-04-2022,270
01-05-2022,256
02-05-2022,218
03-05-2022,227
04-05-2022,269
05-05-2022,146
06-05-2022,273
07-05-2022,206
08-05-2022,205
09-05-2022,171
10-05-2022,160
11-05-2022,156
12-05-2022,164
13-05-2022,176
14-05-2022,270
15-05-2022,242
16-05-2022,297
17-05-2022,239
18-05-2022,251
19-05-2022,202
20-05-2022,266
21-05-2022,285
22-05-2022,203
23-05-2022,136
24-05-2022,89
25-05-2022,166
26-05-2022,199
27-05-2022,206
28-05-2022,210
29-05-2022,273
30-05-2022,201
31-05-2022,215
01-06-2022,322
02-06-2022,202
03-06-2022,240
04-06-2022,227
05-06-2022,215
06-06-2022,195
07-06-2022,280
08-06-2022,346
09-06-2022,223
10-06-2022,303
11-06-2022,256
12-06-2022,249
13-06-2022,200
14-06-2022,222
15-06-2022,153
16-06-2022,132
17-06-2022,88
18-06-2022,79
19-06-2022,99
20-06-2022,124
21-06-2022,128
22-06-2022,139
23-06-2022,140
24-06-2022,197
25-06-2022,230
26-06-2022,169
27-06-2022,127
28-06-2022,137
29-06-2022,163
30-06-2022,116
01-07-2022,76
02-07-2022,95
03-07-2022,76
04-07-2022,113
05-07-2022,161
06-07-2022,104
07-07-2022,100
08-07-2022,94
09-07-2022,110
10-07-2022,71
11-07-2022,95
12-07-2022,100
13-07-2022,79
14-07-2022,87
15-07-2022,79
16-07-2022,81
17-07-2022,61
18-07-2022,92
19-07-2022,105
20-07-2022,98
21-07-2022,70
22-07-2022,140
23-07-2022,72
24-07-2022,72
25-07-2022,67
26-07-2022,69
27-07-2022,74
28-07-2022,68
29-07-2022,71
30-07-2022,58
31-07-2022,71
01-08-2022,71
02-08-2022,84
03-08-2022,122
04-08-2022,112
05-08-2022,72
06-08-2022,98
07-08-2022,118
08-08-2022,84
09-08-2022,112
10-08-2022,102
11-08-2022,75
12-08-2022,88
13-08-2022,80
14-08-2022,84
15-08-2022,62
16-08-2022,63
17-08-2022,60
18-08-2022,72
19-08-2022,71
20-08-2022,80
21-08-2022,117
22-08-2022,104
23-08-2022,83
24-08-2022,63
25-08-2022,96
26-08-2022,113
27-08-2022,105
28-08-2022,119
29-08-2022,144
30-08-2022,116
31-08-2022,124
01-09-2022,121
02-09-2022,110
03-09-2022,119
04-09-2022,115
05-09-2022,102
06-09-2022,119
07-09-2022,133
08-09-2022,136
09-09-2022,141
10-09-2022,110
11-09-2022,85
12-09-2022,84
13-09-2022,72
14-09-2022,71
15-09-2022,57
16-09-2022,47
17-09-2022,70
18-09-2022,119
19-09-2022,182
20-09-2022,130
21-09-2022,109
22-09-2022,66
23-09-2022,57
24-09-2022,54
25-09-2022,52
26-09-2022,100
27-09-2022,108
28-09-2022,140
29-09-2022,151
30-09-2022,173
01-10-2022,186
02-10-2022,181
03-10-2022,128
04-10-2022,150
05-10-2022,211
06-10-2022,79
07-10-2022,55
08-10-2022,56
09-10-2022,48
10-10-2022,44
11-10-2022,66
12-10-2022,143
13-10-2022,130
14-10-2022,154
15-10-2022,186
16-10-2022,232
17-10-2022,237
18-10-2022,241
19-10-2022,234
20-10-2022,232
21-10-2022,262
22-10-2022,265
23-10-2022,259
24-10-2022,312
25-10-2022,302
26-10-2022,271
27-10-2022,354
28-10-2022,357
29-10-2022,397
30-10-2022,352
31-10-2022,392
01-11-2022,424
02-11-2022,376
03-11-2022,450
04-11-2022,447
05-11-2022,381
06-11-2022,339
07-11-2022,354
08-11-2022,372
09-11-2022,260
10-11-2022,295
11-11-2022,346
12-11-2022,303
13-11-2022,303
14-11-2022,294
15-11-2022,227
16-11-2022,264
17-11-2022,260
18-11-2022,289
19-11-2022,280
20-11-2022,314
21-11-2022,310
22-11-2022,255
23-11-2022,237
24-11-2022,213
25-11-2022,294
26-11-2022,336
27-11-2022,328
28-11-2022,333
29-11-2022,369
30-11-2022,365
01-12-2022,368
02-12-2022,352
03-12-2022,370
04-12-2022,407
05-12-2022,347
06-12-2022,353
07-12-2022,304
08-12-2022,281
09-12-2022,314
10-12-2022,360
11-12-2022,306
12-12-2022,218
13-12-2022,177
14-12-2022,163
15-12-2022,189
16-12-2022,223
17-12-2022,304
18-12-2022,353
19-12-2022,410
20-12-2022,366
21-12-2022,328
22-12-2022,342
23-12-2022,359
24-12-2022,349
25-12-2022,308
26-12-2022,331
27-12-2022,339
28-12-2022,321
29-12-2022,306
30-12-2022,399
31-12-2022,349
01-01-2023,259
02-01-2023,357
03-01-2023,385
04-01-2023,343
05-01-2023,340
06-01-2023,400
07-01-2023,377
08-01-2023,375
09-01-2023,434
10-01-2023,407
11-01-2023,308
12-01-2023,371
13-01-2023,378
14-01-2023,353
15-01-2023,213
16-01-2023,270
17-01-2023,288
18-01-2023,306
19-01-2023,338
20-01-2023,226
21-01-2023,294
22-01-2023,407
23-01-2023,335
24-01-2023,237
25-01-2023,160
26-01-2023,298
27-01-2023,229
28-01-2023,236
29-01-2023,331
30-01-2023,207
31-01-2023,192
01-02-2023,164
02-02-2023,194
03-02-2023,199
04-02-2023,242
05-02-2023,244
06-02-2023,265
07-02-2023,285
08-02-2023,144
09-02-2023,212
10-02-2023,187
11-02-2023,275
12-02-2023,175
13-02-2023,135
14-02-2023,132
15-02-2023,190
16-02-2023,270
17-02-2023,367
18-02-2023,371
19-02-2023,331
20-02-2023,324
21-02-2023,245
22-02-2023,302
23-02-2023,227
24-02-2023,171
25-02-2023,225
26-02-2023,291
27-02-2023,260
28-02-2023,219
01-03-2023,181
02-03-2023,226
03-03-2023,152
04-03-2023,129
05-03-2023,142
06-03-2023,142
07-03-2023,173
08-03-2023,215
09-03-2023,119
10-03-2023,187
11-03-2023,200
12-03-2023,216
13-03-2023,231
14-03-2023,219
15-03-2023,213
16-03-2023,259
17-03-2023,188
18-03-2023,184
19-03-2023,162
20-03-2023,154
21-03-2023,75
22-03-2023,164
23-03-2023,151
24-03-2023,205
25-03-2023,78
26-03-2023,164
27-03-2023,146
28-03-2023,147
29-03-2023,198
30-03-2023,170
31-03-2023,73
01-04-2023,106
02-04-2023,128
03-04-2023,179
04-04-2023,109
05-04-2023,135
06-04-2023,142
07-04-2023,142
08-04-2023,172
09-04-2023,217
10-04-2023,195
11-04-2023,260
12-04-2023,213
13-04-2023,211
14-04-2023,249
15-04-2023,235
16-04-2023,229
17-04-2023,206
18-04-2023,235
19-04-2023,236
20-04-2023,159
21-04-2023,129
22-04-2023,141
23-04-2023,118
24-04-2023,160
25-04-2023,156
26-04-2023,210
27-04-2023,219
28-04-2023,150
29-04-2023,216
30-04-2023,132
01-05-2023,91
02-05-2023,76
03-05-2023,107
04-05-2023,113
05-05-2023,183
06-05-2023,234
07-05-2023,173
08-05-2023,131
09-05-2023,197
10-05-2023,203
11-05-2023,274
12-05-2023,227
13-05-2023,235
14-05-2023,259
15-05-2023,162
16-05-2023,259
17-05-2023,336
18-05-2023,149
19-05-2023,152
20-05-2023,186
21-05-2023,215
22-05-2023,199
23-05-2023,198
24-05-2023,158
25-05-2023,106
26-05-2023,98
27-05-2023,110
28-05-2023,134
29-05-2023,136
30-05-2023,115
31-05-2023,85
01-06-2023,96
02-06-2023,120
03-06-2023,121
04-06-2023,171
05-06-2023,166
06-06-2023,139
07-06-2023,239
08-06-2023,161
09-06-2023,152
10-06-2023,134
11-06-2023,130
12-06-2023,169
13-06-2023,205
14-06-2023,213
15-06-2023,154
16-06-2023,119
17-06-2023,119
18-06-2023,90
19-06-2023,75
20-06-2023,104
21-06-2023,91
22-06-2023,110
23-06-2023,132
24-06-2023,169
25-06-2023,71
26-06-2023,93
27-06-2023,86
28-06-2023,93
29-06-2023,101
30-06-2023,70
01-07-2023,69
02-07-2023,71
03-07-2023,118
04-07-2023,144
05-07-2023,96
06-07-2023,72
07-07-2023,77
08-07-2023,71
09-07-2023,64
10-07-2023,65
11-07-2023,69
12-07-2023,77
13-07-2023,77
14-07-2023,73
15-07-2023,100
16-07-2023,69
17-07-2023,85
18-07-2023,113
19-07-2023,77
20-07-2023,93
21-07-2023,109
22-07-2023,96
23-07-2023,73
24-07-2023,77
25-07-2023,102
26-07-2023,73
27-07-2023,92
28-07-2023,81
29-07-2023,59
30-07-2023,65
31-07-2023,89
01-08-2023,92
02-08-2023,91
03-08-2023,75
04-08-2023,105
05-08-2023,85
06-08-2023,101
07-08-2023,102
08-08-2023,110
09-08-2023,118
10-08-2023,133
11-08-2023,123
12-08-2023,126
13-08-2023,105
14-08-2023,114
15-08-2023,108
16-08-2023,109
17-08-2023,131
18-08-2023,153
19-08-2023,125
20-08-2023,91
21-08-2023,91
22-08-2023,106
23-08-2023,71
24-08-2023,85
25-08-2023,117
26-08-2023,152
27-08-2023,186
28-08-2023,144
29-08-2023,162
30-08-2023,154
31-08-2023,146
01-09-2023,140
02-09-2023,136
03-09-2023,136
04-09-2023,136
05-09-2023,121
06-09-2023,106
07-09-2023,105
08-09-2023,84
09-09-2023,55
10-09-2023,46
11-09-2023,54
12-09-2023,90
13-09-2023,106
14-09-2023,121
15-09-2023,100
16-09-2023,85
17-09-2023,63
18-09-2023,63
19-09-2023,73
20-09-2023,97
21-09-2023,113
22-09-2023,102
23-09-2023,108
24-09-2023,131
25-09-2023,118
26-09-2023,152
27-09-2023,129
28-09-2023,139
29-09-2023,157
30-09-2023,166
01-10-2023,146
02-10-2023,144
03-10-2023,154
04-10-2023,176
05-10-2023,177
06-10-2023,211
07-10-2023,215
08-10-2023,164
09-10-2023,174
10-10-2023,179
11-10-2023,191
12-10-2023,218
13-10-2023,255
14-10-2023,256
15-10-2023,232
16-10-2023,206
17-10-2023,87
18-10-2023,125
19-10-2023,118
20-10-2023,195
21-10-2023,246
22-10-2023,311
23-10-2023,263
24-10-2023,220
25-10-2023,243
26-10-2023,256
27-10-2023,259
28-10-2023,303
29-10-2023,324
30-10-2023,346
31-10-2023,357
01-11-2023,364
02-11-2023,392
03-11-2023,468
04-11-2023,415
05-11-2023,453
06-11-2023,421
07-11-2023,395
08-11-2023,426
09-11-2023,437
10-11-2023,278
11-11-2023,220
12-11-2023,218
13-11-2023,358
14-11-2023,396
15-11-2023,398
16-11-2023,418
17-11-2023,404
18-11-2023,318
19-11-2023,301
20-11-2023,348
21-11-2023,372
22-11-2023,395
23-11-2023,390
24-11-2023,415
25-11-2023,388
26-11-2023,397
27-11-2023,395
28-11-2023,311
29-11-2023,289
30-11-2023,398
01-12-2023,372
02-12-2023,352
03-12-2023,313
04-12-2023,310
05-12-2023,297
06-12-2023,285
07-12-2023,320
08-12-2023,325
09-12-2023,322
10-12-2023,314
11-12-2023,317
12-12-2023,355
13-12-2023,378
14-12-2023,326
15-12-2023,323
16-12-2023,355
17-12-2023,331
18-12-2023,330
19-12-2023,286
20-12-2023,285
21-12-2023,361
22-12-2023,409
23-12-2023,449
24-12-2023,411
25-12-2023,383
26-12-2023,377
27-12-2023,380
28-12-2023,358
29-12-2023,381
30-12-2023,400
31-12-2023,382
01-01-2024,346
02-01-2024,340
03-01-2024,341
04-01-2024,377
05-01-2024,333
06-01-2024,319
07-01-2024,333
08-01-2024,345
09-01-2024,343
10-01-2024,273
11-01-2024,348
12-01-2024,340
13-01-2024,398
14-01-2024,447
15-01-2024,359
16-01-2024,371
17-01-2024,368
18-01-2024,318
19-01-2024,348
20-01-2024,329
21-01-2024,349
22-01-2024,333
23-01-2024,368
24-01-2024,409
25-01-2024,332
26-01-2024,408
27-01-2024,356
28-01-2024,365
29-01-2024,356
30-01-2024,357
31-01-2024,391
01-02-2024,176
02-02-2024,215
03-02-2024,199
04-02-2024,274
05-02-2024,177
06-02-2024,140
07-02-2024,174
08-02-2024,161
09-02-2024,146
10-02-2024,295
11-02-2024,313
12-02-2024,300
13-02-2024,341
14-02-2024,340
15-02-2024,278
16-02-2024,268
17-02-2024,245
18-02-2024,270
19-02-2024,231
20-02-2024,226
21-02-2024,243
22-02-2024,150
23-02-2024,143
24-02-2024,193
25-02-2024,193
26-02-2024,172
27-02-2024,159
28-02-2024,141
29-02-2024,147
01-03-2024,208
02-03-2024,117
03-03-2024,126
04-03-2024,141
05-03-2024,125
06-03-2024,138
07-03-2024,181
08-03-2024,157
09-03-2024,145
10-03-2024,182
11-03-2024,201
12-03-2024,190
13-03-2024,165
14-03-2024,195
15-03-2024,128
16-03-2024,168
17-03-2024,193
18-03-2024,199
19-03-2024,222
20-03-2024,230
21-03-2024,171
22-03-2024,166
23-03-2024,232
24-03-2024,195
25-03-2024,197
26-03-2024,134
27-03-2024,178
28-03-2024,160
29-03-2024,176
30-03-2024,190
31-03-2024,243
01-04-2024,133
02-04-2024,144
03-04-2024,167
04-04-2024,173
05-04-2024,174
06-04-2024,168
07-04-2024,179
08-04-2024,191
09-04-2024,203
10-04-2024,222
11-04-2024,240
12-04-2024,232
13-04-2024,198
14-04-2024,141
15-04-2024,205
16-04-2024,228
17-04-2024,147
18-04-2024,164
19-04-2024,186
20-04-2024,219
21-04-2024,139
22-04-2024,129
23-04-2024,190
24-04-2024,178
25-04-2024,200
26-04-2024,197
27-04-2024,165
28-04-2024,176
29-04-2024,225
30-04-2024,189
01-05-2024,200
02-05-2024,197
03-05-2024,264
04-05-2024,282
05-05-2024,292
06-05-2024,248
07-05-2024,303
08-05-2024,225
09-05-2024,179
10-05-2024,180
11-05-2024,242
12-05-2024,184
13-05-2024,228
14-05-2024,235
15-05-2024,244
16-05-2024,236
17-05-2024,233
18-05-2024,262
19-05-2024,245
20-05-2024,228
21-05-2024,240
22-05-2024,193
23-05-2024,156
24-05-2024,157
25-05-2024,168
26-05-2024,191
27-05-2024,225
28-05-2024,246
29-05-2024,240
30-05-2024,230
31-05-2024,192
01-06-2024,245
02-06-2024,173
03-06-2024,155
04-06-2024,211
05-06-2024,251
06-06-2024,183
07-06-2024,231
08-06-2024,237
09-06-2024,182
10-06-2024,172
11-06-2024,223
12-06-2024,213
13-06-2024,195
14-06-2024,189
15-06-2024,186
16-06-2024,197
17-06-2024,169
18-06-2024,196
19-06-2024,306
20-06-2024,179
21-06-2024,175
22-06-2024,186
23-06-2024,145
24-06-2024,138
25-06-2024,134
26-06-2024,132
27-06-2024,74
28-06-2024,64
29-06-2024,118
30-06-2024,115
01-07-2024,105
02-07-2024,118
03-07-2024,108
04-07-2024,61
05-07-2024,77
06-07-2024,65
07-07-2024,56
08-07-2024,56
09-07-2024,84
10-07-2024,138
11-07-2024,113
12-07-2024,107
13-07-2024,102
14-07-2024,107
15-07-2024,109
16-07-2024,100
17-07-2024,90
18-07-2024,95
19-07-2024,124
20-07-2024,109
21-07-2024,103
22-07-2024,85
23-07-2024,93
24-07-2024,97
25-07-2024,109
26-07-2024,84
27-07-2024,131
28-07-2024,83
29-07-2024,76
30-07-2024,97
31-07-2024,96
01-08-2024,64
02-08-2024,76
03-08-2024,68
04-08-2024,64
05-08-2024,59
06-08-2024,61
07-08-2024,61
08-08-2024,54
09-08-2024,61
10-08-2024,71
11-08-2024,69
12-08-2024,56
13-08-2024,63
14-08-2024,79
15-08-2024,72
16-08-2024,63
17-08-2024,74
18-08-2024,83
19-08-2024,84
20-08-2024,66
21-08-2024,87
22-08-2024,85
23-08-2024,77
24-08-2024,105
25-08-2024,77
26-08-2024,72
27-08-2024,64
28-08-2024,70
29-08-2024,58
30-08-2024,102
31-08-2024,92
01-09-2024,101
02-09-2024,87
03-09-2024,89
04-09-2024,69
05-09-2024,83
06-09-2024,95
07-09-2024,71
08-09-2024,91
09-09-2024,114
10-09-2024,106
11-09-2024,71
12-09-2024,64
13-09-2024,52
14-09-2024,62
15-09-2024,107
16-09-2024,139
17-09-2024,172
18-09-2024,115
19-09-2024,56
20-09-2024,98
21-09-2024,116
22-09-2024,162
23-09-2024,165
24-09-2024,195
25-09-2024,233
26-09-2024,94
27-09-2024,80
28-09-2024,66
29-09-2024,74
30-09-2024,126
01-10-2024,149
02-10-2024,173
03-10-2024,162
04-10-2024,184
05-10-2024,145
06-10-2024,143
07-10-2024,126
08-10-2024,167
09-10-2024,164
10-10-2024,132
11-10-2024,141
12-10-2024,155
13-10-2024,224
14-10-2024,234
15-10-2024,198
16-10-2024,230
17-10-2024,285
18-10-2024,292
19-10-2024,278
20-10-2024,277
21-10-2024,310
22-10-2024,327
23-10-2024,364
24-10-2024,306
25-10-2024,270
26-10-2024,255
27-10-2024,356
28-10-2024,304
29-10-2024,268
30-10-2024,307
31-10-2024,328
01-11-2024,339
02-11-2024,318
03-11-2024,381
04-11-2024,380
05-11-2024,372
06-11-2024,351
07-11-2024,377
08-11-2024,379
09-11-2024,350
10-11-2024,334
11-11-2024,352
12-11-2024,334
13-11-2024,418
14-11-2024,424
15-11-2024,396
16-11-2024,417
17-11-2024,441
18-11-2024,494
19-11-2024,460
20-11-2024,419
21-11-2024,371
22-11-2024,393
23-11-2024,412
24-11-2024,318
25-11-2024,349
26-11-2024,343
27-11-2024,303
28-11-2024,325
29-11-2024,331
30-11-2024,346
01-12-2024,285
02-12-2024,280
03-12-2024,268
04-12-2024,178
05-12-2024,165
06-12-2024,197
07-12-2024,233
08-12-2024,302
09-12-2024,186
10-12-2024,234
11-12-2024,199
12-12-2024,288
13-12-2024,262
14-12-2024,193
15-12-2024,294
16-12-2024,379
17-12-2024,433
18-12-2024,445
19-12-2024,451
20-12-2024,429
21-12-2024,370
22-12-2024,409
23-12-2024,406
24-12-2024,369
25-12-2024,336
26-12-2024,345
27-12-2024,353
28-12-2024,139
29-12-2024,225
30-12-2024,173
31-12-2024,283
01-01-2025,328
02-01-2025,318
03-01-2025,371
04-01-2025,378
05-01-2025,339
06-01-2025,335
07-01-2025,296
08-01-2025,297
09-01-2025,357
10-01-2025,397
11-01-2025,327
12-01-2025,278
13-01-2025,248
14-01-2025,275
15-01-2025,386
16-01-2025,302
17-01-2025,289
18-01-2025,255
19-01-2025,368
20-01-2025,314
21-01-2025,289
22-01-2025,260
23-01-2025,257
24-01-2025,199
25-01-2025,174
26-01-2025,216
27-01-2025,268
28-01-2025,276
29-01-2025,365
30-01-2025,363
31-01-2025,351
01-02-2025,355
02-02-2025,326
03-02-2025,286
04-02-2025,264
05-02-2025,284
06-02-2025,210
07-02-2025,156
08-02-2025,152
09-02-2025,227
10-02-2025,271
11-02-2025,293
12-02-2025,212
13-02-2025,134
14-02-2025,131
15-02-2025,191
16-02-2025,294
17-02-2025,231
18-02-2025,209
19-02-2025,180
20-02-2025,160
21-02-2025,158
22-02-2025,155
23-02-2025,144
24-02-2025,186
25-02-2025,208
26-02-2025,247
27-02-2025,215
28-02-2025,121
01-03-2025,126
02-03-2025,125
03-03-2025,156
04-03-2025,148
05-03-2025,119
06-03-2025,124
07-03-2025,202
08-03-2025,158
09-03-2025,209
10-03-2025,197
11-03-2025,262
12-03-2025,228
13-03-2025,179
14-03-2025,198
15-03-2025,85
16-03-2025,99
17-03-2025,108
18-03-2025,145
19-03-2025,160
20-03-2025,156
21-03-2025,144
22-03-2025,161
23-03-2025,194
24-03-2025,206
25-03-2025,234
26-03-2025,231
27-03-2025,259
28-03-2025,205
29-03-2025,153
30-03-2025,138
31-03-2025,160
